sample	contig	taxid	name
SRR6145059	k99_13021	1747	Cutibacterium acnes
SRR6145059	k99_3238	1747	Cutibacterium acnes
SRR6145059	k99_13514	1270	Micrococcus luteus
SRR6145059	k99_8183	1747	Cutibacterium acnes
SRR6145059	k99_8019	134537	Paraburkholderia fungorum
SRR6145059	k99_13022	1270	Micrococcus luteus
SRR6145059	k99_4897	1747	Cutibacterium acnes
SRR6145059	k99_7773	1234380	Cutibacterium acnes C1
SRR6145059	k99_14661	1270	Micrococcus luteus
SRR6145059	k99_4151	1747	Cutibacterium acnes
SRR6145059	k99_13433	1747	Cutibacterium acnes
SRR6145059	k99_5889	1747	Cutibacterium acnes
SRR6145059	k99_13350	1747	Cutibacterium acnes
SRR6145059	k99_13024	1747	Cutibacterium acnes
SRR6145059	k99_9579	1747	Cutibacterium acnes
SRR6145059	k99_14006	1747	Cutibacterium acnes
SRR6145059	k99_582	1234380	Cutibacterium acnes C1
SRR6145059	k99_5560	1747	Cutibacterium acnes
SRR6145059	k99_5147	1747	Cutibacterium acnes
SRR6145059	k99_12697	1760	Actinobacteria
SRR6145059	k99_583	1270	Micrococcus luteus
SRR6145059	k99_12776	134537	Paraburkholderia fungorum
SRR6145059	k99_8347	134537	Paraburkholderia fungorum
SRR6145059	k99_11301	1747	Cutibacterium acnes
SRR6145059	k99_5969	1747	Cutibacterium acnes
SRR6145059	k99_9172	1747	Cutibacterium acnes
SRR6145059	k99_2242	9606	Homo sapiens
SRR6145059	k99_6626	1270	Micrococcus luteus
SRR6145059	k99_249	1747	Cutibacterium acnes
SRR6145059	k99_3824	1270	Micrococcus luteus
SRR6145059	k99_15401	134537	Paraburkholderia fungorum
SRR6145059	k99_6461	9606	Homo sapiens
SRR6145059	k99_10972	33010	Cutibacterium avidum
SRR6145059	k99_9249	34062	Moraxella osloensis
SRR6145059	k99_6298	1747	Cutibacterium acnes
SRR6145059	k99_13760	1234380	Cutibacterium acnes C1
SRR6145059	k99_997	1270	Micrococcus luteus
SRR6145059	k99_11550	1747	Cutibacterium acnes
SRR6145059	k99_7937	1747	Cutibacterium acnes
SRR6145059	k99_5643	1747	Cutibacterium acnes
SRR6145059	k99_1167	1091045	Cutibacterium acnes subsp. defendens ATCC 11828
SRR6145059	k99_4980	1747	Cutibacterium acnes
SRR6145059	k99_2577	1747	Cutibacterium acnes
SRR6145059	k99_4237	1747	Cutibacterium acnes
SRR6145059	k99_13845	134537	Paraburkholderia fungorum
SRR6145059	k99_4649	1234380	Cutibacterium acnes C1
SRR6145059	k99_1667	1747	Cutibacterium acnes
SRR6145059	k99_8271	1234380	Cutibacterium acnes C1
SRR6145059	k99_7206	134537	Paraburkholderia fungorum
SRR6145059	k99_1330	1747	Cutibacterium acnes
SRR6145059	k99_2411	1747	Cutibacterium acnes
SRR6145059	k99_752	134537	Paraburkholderia fungorum
SRR6145059	k99_10077	1747	Cutibacterium acnes
SRR6145059	k99_14508	1747	Cutibacterium acnes
SRR6145059	k99_12453	1234380	Cutibacterium acnes C1
SRR6145059	k99_6713	1270	Micrococcus luteus
SRR6145059	k99_8276	1270	Micrococcus luteus
SRR6145059	k99_9584	1747	Cutibacterium acnes
SRR6145059	k99_7860	1747	Cutibacterium acnes
SRR6145059	k99_11963	1270	Micrococcus luteus
SRR6145059	k99_9004	1747	Cutibacterium acnes
SRR6145059	k99_10400	1747	Cutibacterium acnes
SRR6145059	k99_13849	1270	Micrococcus luteus
SRR6145059	k99_14009	1270	Micrococcus luteus
SRR6145059	k99_4157	1091045	Cutibacterium acnes subsp. defendens ATCC 11828
SRR6145059	k99_11056	1747	Cutibacterium acnes
SRR6145059	k99_10403	1747	Cutibacterium acnes
SRR6145059	k99_9181	1747	Cutibacterium acnes
SRR6145059	k99_10644	1747	Cutibacterium acnes
SRR6145059	k99_5562	1270	Micrococcus luteus
SRR6145059	k99_15485	134537	Paraburkholderia fungorum
SRR6145059	k99_12206	1747	Cutibacterium acnes
SRR6145059	k99_7532	1747	Cutibacterium acnes
SRR6145059	k99_12778	1270	Micrococcus luteus
SRR6145059	k99_15073	1270	Micrococcus luteus
SRR6145059	k99_7861	1747	Cutibacterium acnes
SRR6145059	k99_2415	1747	Cutibacterium acnes
SRR6145059	k99_2659	1747	Cutibacterium acnes
SRR6145059	k99_5732	1747	Cutibacterium acnes
SRR6145059	k99_8519	1270	Micrococcus luteus
SRR6145059	k99_15488	1747	Cutibacterium acnes
SRR6145059	k99_15322	134537	Paraburkholderia fungorum
SRR6145059	k99_5733	1270	Micrococcus luteus
SRR6145059	k99_6216	1234380	Cutibacterium acnes C1
SRR6145059	k99_7534	1270	Micrococcus luteus
SRR6145059	k99_8852	469	Acinetobacter
SRR6145059	k99_14334	134537	Paraburkholderia fungorum
SRR6145059	k99_1918	134537	Paraburkholderia fungorum
SRR6145059	k99_7863	1747	Cutibacterium acnes
SRR6145059	k99_11385	1747	Cutibacterium acnes
SRR6145059	k99_10153	1747	Cutibacterium acnes
SRR6145059	k99_7939	1747	Cutibacterium acnes
SRR6145059	k99_12946	333922	Betapapillomavirus
SRR6145059	k99_1168	1270	Micrococcus luteus
SRR6145059	k99_8348	1234380	Cutibacterium acnes C1
SRR6145059	k99_9094	1747	Cutibacterium acnes
SRR6145059	k99_13526	134537	Paraburkholderia fungorum
SRR6145059	k99_11474	9606	Homo sapiens
SRR6145059	k99_2582	1747	Cutibacterium acnes
SRR6145059	k99_10085	1747	Cutibacterium acnes
SRR6145059	k99_4572	1747	Cutibacterium acnes
SRR6145059	k99_9747	33010	Cutibacterium avidum
SRR6145059	k99_12210	1270	Micrococcus luteus
SRR6145059	k99_13852	1270	Micrococcus luteus
SRR6145059	k99_14012	1747	Cutibacterium acnes
SRR6145059	k99_10648	1747	Cutibacterium acnes
SRR6145059	k99_3162	1270	Micrococcus luteus
SRR6145059	k99_3323	1234380	Cutibacterium acnes C1
SRR6145059	k99_14425	134537	Paraburkholderia fungorum
SRR6145059	k99_9507	1747	Cutibacterium acnes
SRR6145059	k99_2585	1747	Cutibacterium acnes
SRR6145059	k99_503	1170318	Cutibacterium avidum 44067
SRR6145059	k99_4410	1747	Cutibacterium acnes
SRR6145059	k99_2662	1747	Cutibacterium acnes
SRR6145059	k99_10239	1270	Micrococcus luteus
SRR6145059	k99_11476	1747	Cutibacterium acnes
SRR6145059	k99_1004	1747	Cutibacterium acnes
SRR6145059	k99_14513	1747	Cutibacterium acnes
SRR6145059	k99_2420	1747	Cutibacterium acnes
SRR6145059	k99_14014	134537	Paraburkholderia fungorum
SRR6145059	k99_9183	134537	Paraburkholderia fungorum
SRR6145059	k99_8931	1747	Cutibacterium acnes
SRR6145059	k99_15237	1747	Cutibacterium acnes
SRR6145059	k99_6056	1747	Cutibacterium acnes
SRR6145059	k99_3996	1270	Micrococcus luteus
SRR6145059	k99_9255	1747	Cutibacterium acnes
SRR6145059	k99_10730	1747	Cutibacterium acnes
SRR6145059	k99_9994	1270	Micrococcus luteus
SRR6145059	k99_7622	1747	Cutibacterium acnes
SRR6145059	k99_7537	1747	Cutibacterium acnes
SRR6145059	k99_12284	134537	Paraburkholderia fungorum
SRR6145059	k99_1420	1747	Cutibacterium acnes
SRR6145059	k99_1836	1234380	Cutibacterium acnes C1
SRR6145059	k99_3580	1234380	Cutibacterium acnes C1
SRR6145059	k99_5740	1270	Micrococcus luteus
SRR6145059	k99_4162	1270	Micrococcus luteus
SRR6145059	k99_9670	1747	Cutibacterium acnes
SRR6145059	k99_4654	1747	Cutibacterium acnes
SRR6145059	k99_8854	1234380	Cutibacterium acnes C1
SRR6145059	k99_6307	1747	Cutibacterium acnes
SRR6145059	k99_8770	1747	Cutibacterium acnes
SRR6145059	k99_605	1270	Micrococcus luteus
SRR6145059	k99_923	1747	Cutibacterium acnes
SRR6145059	k99_13448	1234380	Cutibacterium acnes C1
SRR6145059	k99_11144	134537	Paraburkholderia fungorum
SRR6145059	k99_15076	1747	Cutibacterium acnes
SRR6145059	k99_6470	1747	Cutibacterium acnes
SRR6145059	k99_3830	1747	Cutibacterium acnes
SRR6145059	k99_10156	1270	Micrococcus luteus
SRR6145059	k99_11876	134537	Paraburkholderia fungorum
SRR6145059	k99_14910	134537	Paraburkholderia fungorum
SRR6145059	k99_14514	1804984	Burkholderia sp. OLGA172
SRR6145059	k99_15495	1270	Micrococcus luteus
SRR6145059	k99_6142	1747	Cutibacterium acnes
SRR6145059	k99_10731	571	Klebsiella oxytoca
SRR6145059	k99_5400	1747	Cutibacterium acnes
SRR6145059	k99_3076	1747	Cutibacterium acnes
SRR6145059	k99_9997	1270	Micrococcus luteus
SRR6145059	k99_6545	134537	Paraburkholderia fungorum
SRR6145059	k99_12125	1747	Cutibacterium acnes
SRR6145059	k99_10576	1747	Cutibacterium acnes
SRR6145059	k99_13768	1270	Micrococcus luteus
SRR6145059	k99_1425	1747	Cutibacterium acnes
SRR6145059	k99_5483	1234380	Cutibacterium acnes C1
SRR6145059	k99_9834	134537	Paraburkholderia fungorum
SRR6145059	k99_3170	1234380	Cutibacterium acnes C1
SRR6145059	k99_12369	134537	Paraburkholderia fungorum
SRR6145059	k99_5249	1747	Cutibacterium acnes
SRR6145059	k99_12220	1270	Micrococcus luteus
SRR6145059	k99_607	1747	Cutibacterium acnes
SRR6145059	k99_11635	1270	Micrococcus luteus
SRR6145059	k99_3745	134537	Paraburkholderia fungorum
SRR6145059	k99_2664	1234380	Cutibacterium acnes C1
SRR6145059	k99_15566	134537	Paraburkholderia fungorum
SRR6145059	k99_13451	1747	Cutibacterium acnes
SRR6145059	k99_6144	1270	Micrococcus luteus
SRR6145059	k99_2830	1747	Cutibacterium acnes
SRR6145059	k99_845	34062	Moraxella osloensis
SRR6145059	k99_8936	1270	Micrococcus luteus
SRR6145059	k99_7627	1270	Micrococcus luteus
SRR6145059	k99_11148	134537	Paraburkholderia fungorum
SRR6145059	k99_6633	1747	Cutibacterium acnes
SRR6145059	k99_14761	134537	Paraburkholderia fungorum
SRR6145059	k99_7460	1747	Cutibacterium acnes
SRR6145059	k99_7703	1270	Micrococcus luteus
SRR6145059	k99_6636	1747	Cutibacterium acnes
SRR6145059	k99_12126	1747	Cutibacterium acnes
SRR6145059	k99_14590	134537	Paraburkholderia fungorum
SRR6145059	k99_2252	1234380	Cutibacterium acnes C1
SRR6145059	k99_5746	134537	Paraburkholderia fungorum
SRR6145059	k99_12370	1747	Cutibacterium acnes
SRR6145059	k99_14915	134537	Paraburkholderia fungorum
SRR6145059	k99_15403	134537	Paraburkholderia fungorum
SRR6145059	k99_2171	1270	Micrococcus luteus
SRR6145059	k99_10817	1234380	Cutibacterium acnes C1
SRR6145059	k99_14259	9606	Homo sapiens
SRR6145059	k99_9835	1747	Cutibacterium acnes
SRR6145059	k99_13540	1747	Cutibacterium acnes
SRR6145059	k99_13682	134537	Paraburkholderia fungorum
SRR6145059	k99_2751	1747	Cutibacterium acnes
SRR6145059	k99_15739	1747	Cutibacterium acnes
SRR6145059	k99_2752	1270	Micrococcus luteus
SRR6145059	k99_4495	1270	Micrococcus luteus
SRR6145059	k99_5572	1270	Micrococcus luteus
SRR6145059	k99_12463	1234380	Cutibacterium acnes C1
SRR6145059	k99_12620	134537	Paraburkholderia fungorum
SRR6145059	k99_5573	1270	Micrococcus luteus
SRR6145059	k99_12623	1270	Micrococcus luteus
SRR6145059	k99_8034	134537	Paraburkholderia fungorum
SRR6145059	k99_1179	1747	Cutibacterium acnes
SRR6145059	k99_6548	1804984	Burkholderia sp. OLGA172
SRR6145059	k99_13608	134537	Paraburkholderia fungorum
SRR6145059	k99_1999	1747	Cutibacterium acnes
SRR6145059	k99_8351	1804984	Burkholderia sp. OLGA172
SRR6145059	k99_14827	134537	Paraburkholderia fungorum
SRR6145059	k99_13457	1747	Cutibacterium acnes
SRR6145059	k99_4497	1747	Cutibacterium acnes
SRR6145059	k99_1841	1747	Cutibacterium acnes
SRR6145059	k99_15327	1747	Cutibacterium acnes
SRR6145059	k99_12221	134537	Paraburkholderia fungorum
SRR6145059	k99_15647	134537	Paraburkholderia fungorum
SRR6145059	k99_13110	1734925	Cutibacterium acnes subsp. acnes
SRR6145059	k99_1677	1747	Cutibacterium acnes
SRR6145059	k99_12546	1747	Cutibacterium acnes
SRR6145059	k99_14676	1270	Micrococcus luteus
SRR6145059	k99_7786	1234380	Cutibacterium acnes C1
SRR6145059	k99_6397	1234380	Cutibacterium acnes C1
SRR6145059	k99_11483	1747	Cutibacterium acnes
SRR6145059	k99_5320	134537	Paraburkholderia fungorum
SRR6145059	k99_14518	1747	Cutibacterium acnes
SRR6145059	k99_11485	1747	Cutibacterium acnes
SRR6145059	k99_7546	1747	Cutibacterium acnes
SRR6145059	k99_2668	1747	Cutibacterium acnes
SRR6145059	k99_10412	1270	Micrococcus luteus
SRR6145059	k99_9909	134537	Paraburkholderia fungorum
SRR6145059	k99_15507	134537	Paraburkholderia fungorum
SRR6145059	k99_6220	9606	Homo sapiens
SRR6145059	k99_11805	1747	Cutibacterium acnes
SRR6145059	k99_14830	34062	Moraxella osloensis
SRR6145059	k99_10659	1747	Cutibacterium acnes
SRR6145059	k99_8536	1747	Cutibacterium acnes
SRR6145059	k99_6641	1747	Cutibacterium acnes
SRR6145059	k99_2253	134537	Paraburkholderia fungorum
SRR6145059	k99_348	1747	Cutibacterium acnes
SRR6145059	k99_6642	1270	Micrococcus luteus
SRR6145059	k99_4003	134537	Paraburkholderia fungorum
SRR6145059	k99_13544	1747	Cutibacterium acnes
SRR6145059	k99_3497	34062	Moraxella osloensis
SRR6145059	k99_14600	1747	Cutibacterium acnes
SRR6145059	k99_10496	1270	Micrococcus luteus
SRR6145059	k99_14111	134537	Paraburkholderia fungorum
SRR6145059	k99_8608	1747	Cutibacterium acnes
SRR6145059	k99_13283	1747	Cutibacterium acnes
SRR6145059	k99_15743	134537	Paraburkholderia fungorum
SRR6145059	k99_12470	134537	Paraburkholderia fungorum
SRR6145059	k99_3005	1234380	Cutibacterium acnes C1
SRR6145059	k99_12224	34062	Moraxella osloensis
SRR6145059	k99_6729	1270	Micrococcus luteus
SRR6145059	k99_6403	169427	Paraburkholderia terricola
SRR6145059	k99_7463	1747	Cutibacterium acnes
SRR6145059	k99_12711	1234380	Cutibacterium acnes C1
SRR6145059	k99_10577	134537	Paraburkholderia fungorum
SRR6145059	k99_8353	134537	Paraburkholderia fungorum
SRR6145059	k99_8697	1179670	Micrococcus sp. KBS0714
SRR6145059	k99_9839	1747	Cutibacterium acnes
SRR6145059	k99_3081	1270	Micrococcus luteus
SRR6145059	k99_1089	1747	Cutibacterium acnes
SRR6145059	k99_6405	1234380	Cutibacterium acnes C1
SRR6145059	k99_15404	134537	Paraburkholderia fungorum
SRR6145059	k99_15086	1747	Cutibacterium acnes
SRR6145059	k99_12959	1234380	Cutibacterium acnes C1
SRR6145059	k99_2759	1747	Cutibacterium acnes
SRR6145059	k99_9752	1747	Cutibacterium acnes
SRR6145059	k99_8941	1234380	Cutibacterium acnes C1
SRR6145059	k99_6810	1747	Cutibacterium acnes
SRR6145059	k99_1021	1747	Cutibacterium acnes
SRR6145059	k99_4086	1747	Cutibacterium acnes
SRR6145059	k99_9341	134537	Paraburkholderia fungorum
SRR6145059	k99_11731	1747	Cutibacterium acnes
SRR6145059	k99_13688	1747	Cutibacterium acnes
SRR6145059	k99_11809	1234380	Cutibacterium acnes C1
SRR6145059	k99_15333	34062	Moraxella osloensis
SRR6145059	k99_11640	1747	Cutibacterium acnes
SRR6145059	k99_12133	1747	Cutibacterium acnes
SRR6145059	k99_6881	134537	Paraburkholderia fungorum
SRR6145059	k99_3501	1747	Cutibacterium acnes
SRR6145059	k99_691	1747	Cutibacterium acnes
SRR6145059	k99_1344	1747	Cutibacterium acnes
SRR6145059	k99_5659	1747	Cutibacterium acnes
SRR6145059	k99_9841	1114969	Cutibacterium acnes TypeIA2 P.acn31
SRR6145059	k99_1519	1747	Cutibacterium acnes
SRR6145059	k99_4170	134537	Paraburkholderia fungorum
SRR6145059	k99_15334	2026199	Paraburkholderia aromaticivorans
SRR6145059	k99_9432	1270	Micrococcus luteus
SRR6145059	k99_11979	1270	Micrococcus luteus
SRR6145059	k99_14114	1747	Cutibacterium acnes
SRR6145059	k99_4172	1270	Micrococcus luteus
SRR6145059	k99_15405	1747	Cutibacterium acnes
SRR6145059	k99_8196	1234380	Cutibacterium acnes C1
SRR6145059	k99_2339	134537	Paraburkholderia fungorum
SRR6145059	k99_1022	1747	Cutibacterium acnes
SRR6145059	k99_5901	1747	Cutibacterium acnes
SRR6145059	k99_10418	1747	Cutibacterium acnes
SRR6145059	k99_8942	1234380	Cutibacterium acnes C1
SRR6145059	k99_15406	1747	Cutibacterium acnes
SRR6145059	k99_13286	1747	Cutibacterium acnes
SRR6145059	k99_7871	1747	Cutibacterium acnes
SRR6145059	k99_10908	1270	Micrococcus luteus
SRR6145059	k99_4009	1747	Cutibacterium acnes
SRR6145059	k99_12797	1747	Cutibacterium acnes
SRR6145059	k99_13865	1747	Cutibacterium acnes
SRR6145059	k99_2837	1747	Cutibacterium acnes
SRR6145059	k99_12872	134537	Paraburkholderia fungorum
SRR6145059	k99_8864	1747	Cutibacterium acnes
SRR6145059	k99_7634	1747	Cutibacterium acnes
SRR6145059	k99_15247	1234380	Cutibacterium acnes C1
SRR6145059	k99_10160	134537	Paraburkholderia fungorum
SRR6145059	k99_10824	1747	Cutibacterium acnes
SRR6145059	k99_3913	1747	Cutibacterium acnes
SRR6145059	k99_11321	1747	Cutibacterium acnes
SRR6145059	k99_3335	1270	Micrococcus luteus
SRR6145059	k99_14767	1234380	Cutibacterium acnes C1
SRR6145059	k99_13548	134537	Paraburkholderia fungorum
SRR6145059	k99_7048	1747	Cutibacterium acnes
SRR6145059	k99_3337	1747	Cutibacterium acnes
SRR6145059	k99_1844	1747	Cutibacterium acnes
SRR6145059	k99_7306	1747	Cutibacterium acnes
SRR6145059	k99_7230	1747	Cutibacterium acnes
SRR6145059	k99_1845	134537	Paraburkholderia fungorum
SRR6145059	k99_4505	1270	Micrococcus luteus
SRR6145059	k99_5988	1747	Cutibacterium acnes
SRR6145059	k99_8945	1270	Micrococcus luteus
SRR6145059	k99_5906	1747	Cutibacterium acnes
SRR6145059	k99_6733	1747	Cutibacterium acnes
SRR6145059	k99_7468	1269	Micrococcus
SRR6145059	k99_8539	134537	Paraburkholderia fungorum
SRR6145059	k99_14526	1234380	Cutibacterium acnes C1
SRR6145059	k99_11243	1747	Cutibacterium acnes
SRR6145059	k99_12874	134537	Paraburkholderia fungorum
SRR6145059	k99_13774	1134687	Klebsiella michiganensis
SRR6145059	k99_1437	1270	Micrococcus luteus
SRR6145059	k99_3184	134537	Paraburkholderia fungorum
SRR6145059	k99_2506	1234380	Cutibacterium acnes C1
SRR6145059	k99_12054	134537	Paraburkholderia fungorum
SRR6145059	k99_6320	1747	Cutibacterium acnes
SRR6145059	k99_15653	1734925	Cutibacterium acnes subsp. acnes
SRR6145059	k99_11641	1747	Cutibacterium acnes
SRR6145059	k99_3338	134537	Paraburkholderia fungorum
SRR6145059	k99_11567	1747	Cutibacterium acnes
SRR6145059	k99_13775	1747	Cutibacterium acnes
SRR6145059	k99_12055	1747	Cutibacterium acnes
SRR6145059	k99_10578	1747	Cutibacterium acnes
SRR6145059	k99_13867	134537	Paraburkholderia fungorum
SRR6145059	k99_4017	1747	Cutibacterium acnes
SRR6145059	k99_6154	134537	Paraburkholderia fungorum
SRR6145059	k99_13206	1270	Micrococcus luteus
SRR6145059	k99_6813	1747	Cutibacterium acnes
SRR6145059	k99_2762	1747	Cutibacterium acnes
SRR6145059	k99_15512	1747	Cutibacterium acnes
SRR6145059	k99_15172	1270	Micrococcus luteus
SRR6145059	k99_5754	1747	Cutibacterium acnes
SRR6145059	k99_5583	1747	Cutibacterium acnes
SRR6145059	k99_14922	1747	Cutibacterium acnes
SRR6145059	k99_933	9606	Homo sapiens
SRR6145059	k99_15340	1747	Cutibacterium acnes
SRR6145059	k99_12875	1747	Cutibacterium acnes
SRR6145059	k99_10827	1747	Cutibacterium acnes
SRR6145059	k99_4912	1747	Cutibacterium acnes
SRR6145059	k99_7049	1747	Cutibacterium acnes
SRR6145059	k99_2433	1270	Micrococcus luteus
SRR6145059	k99_12634	1234380	Cutibacterium acnes C1
SRR6145059	k99_4509	1270	Micrococcus luteus
SRR6145059	k99_9115	1747	Cutibacterium acnes
SRR6145059	k99_13553	1747	Cutibacterium acnes
SRR6145059	k99_10007	134537	Paraburkholderia fungorum
SRR6145059	k99_15088	134537	Paraburkholderia fungorum
SRR6145059	k99_6560	1270	Micrococcus luteus
SRR6145059	k99_10666	1747	Cutibacterium acnes
SRR6145059	k99_6413	1804984	Burkholderia sp. OLGA172
SRR6145059	k99_1590	1747	Cutibacterium acnes
SRR6145059	k99_6232	1747	Cutibacterium acnes
SRR6145059	k99_8442	1282	Staphylococcus epidermidis
SRR6145059	k99_6735	1747	Cutibacterium acnes
SRR6145059	k99_4348	1270	Micrococcus luteus
SRR6145059	k99_14186	1234380	Cutibacterium acnes C1
SRR6145059	k99_3508	134537	Paraburkholderia fungorum
SRR6145059	k99_7234	134537	Paraburkholderia fungorum
SRR6145059	k99_7637	1747	Cutibacterium acnes
SRR6145059	k99_11647	1234380	Cutibacterium acnes C1
SRR6145059	k99_12232	134537	Paraburkholderia fungorum
SRR6145059	k99_15655	134537	Paraburkholderia fungorum
SRR6145059	k99_7716	134537	Paraburkholderia fungorum
SRR6145059	k99_8954	91347	Enterobacterales
SRR6145059	k99_3512	1747	Cutibacterium acnes
SRR6145059	k99_12639	134537	Paraburkholderia fungorum
SRR6145059	k99_14265	134537	Paraburkholderia fungorum
SRR6145059	k99_15174	1747	Cutibacterium acnes
SRR6145059	k99_3014	1270	Micrococcus luteus
SRR6145059	k99_2511	1747	Cutibacterium acnes
SRR6145059	k99_2598	1747	Cutibacterium acnes
SRR6145059	k99_11497	1270	Micrococcus luteus
SRR6145059	k99_5416	468	Moraxellaceae
SRR6145059	k99_13044	1747	Cutibacterium acnes
SRR6145059	k99_3684	1234380	Cutibacterium acnes C1
SRR6145059	k99_7142	1747	Cutibacterium acnes
SRR6145059	k99_9344	1747	Cutibacterium acnes
SRR6145059	k99_9594	134537	Paraburkholderia fungorum
SRR6145059	k99_4353	9606	Homo sapiens
SRR6145059	k99_10922	1747	Cutibacterium acnes
SRR6145059	k99_2101	1747	Cutibacterium acnes
SRR6145059	k99_12389	1747	Cutibacterium acnes
SRR6145059	k99_430	1270	Micrococcus luteus
SRR6145059	k99_5664	1114966	Cutibacterium acnes TypeIA2 P.acn33
SRR6145059	k99_11245	134537	Paraburkholderia fungorum
SRR6145059	k99_9922	1747	Cutibacterium acnes
SRR6145059	k99_11075	1747	Cutibacterium acnes
SRR6145059	k99_1026	1270	Micrococcus luteus
SRR6145059	k99_6419	1270	Micrococcus luteus
SRR6145059	k99_12558	1747	Cutibacterium acnes
SRR6145059	k99_12877	1747	Cutibacterium acnes
SRR6145059	k99_7561	1747	Cutibacterium acnes
SRR6145059	k99_10832	134537	Paraburkholderia fungorum
SRR6145059	k99_2767	1747	Cutibacterium acnes
SRR6145059	k99_3515	1747	Cutibacterium acnes
SRR6145059	k99_15571	134537	Paraburkholderia fungorum
SRR6145059	k99_10753	134537	Paraburkholderia fungorum
SRR6145059	k99_3188	1747	Cutibacterium acnes
SRR6145059	k99_6738	134537	Paraburkholderia fungorum
SRR6145059	k99_6074	134537	Paraburkholderia fungorum
SRR6145059	k99_10011	1270	Micrococcus luteus
SRR6145059	k99_14694	1270	Micrococcus luteus
SRR6145059	k99_857	134537	Paraburkholderia fungorum
SRR6145059	k99_2679	1270	Micrococcus luteus
SRR6145059	k99_14770	134537	Paraburkholderia fungorum
SRR6145059	k99_6819	1134454	Cutibacterium acnes HL096PA1
SRR6145059	k99_7796	1747	Cutibacterium acnes
SRR6145059	k99_702	1747	Cutibacterium acnes
SRR6145059	k99_11741	134537	Paraburkholderia fungorum
SRR6145059	k99_15177	1270	Micrococcus luteus
SRR6145059	k99_4097	1747	Cutibacterium acnes
SRR6145059	k99_13211	1747	Cutibacterium acnes
SRR6145059	k99_10014	1134454	Cutibacterium acnes HL096PA1
SRR6145059	k99_2269	1747	Cutibacterium acnes
SRR6145059	k99_15343	1234380	Cutibacterium acnes C1
SRR6145059	k99_13945	1270	Micrococcus luteus
SRR6145059	k99_5337	1747	Cutibacterium acnes
SRR6145059	k99_6741	1234380	Cutibacterium acnes C1
SRR6145059	k99_3925	1747	Cutibacterium acnes
SRR6145059	k99_5915	134537	Paraburkholderia fungorum
SRR6145059	k99_11502	1747	Cutibacterium acnes
SRR6145059	k99_13463	134537	Paraburkholderia fungorum
SRR6145059	k99_14609	134537	Paraburkholderia fungorum
SRR6145059	k99_2605	1747	Cutibacterium acnes
SRR6145059	k99_4254	134537	Paraburkholderia fungorum
SRR6145059	k99_7143	1747	Cutibacterium acnes
SRR6145059	k99_4185	1747	Cutibacterium acnes
SRR6145059	k99_9529	1269	Micrococcus
SRR6145059	k99_1027	1747	Cutibacterium acnes
SRR6145059	k99_15572	29380	Staphylococcus caprae
SRR6145059	k99_13121	1234380	Cutibacterium acnes C1
SRR6145059	k99_9445	1747	Cutibacterium acnes
SRR6145059	k99_4757	1747	Cutibacterium acnes
SRR6145059	k99_5999	1270	Micrococcus luteus
SRR6145059	k99_3095	1270	Micrococcus luteus
SRR6145059	k99_8045	1747	Cutibacterium acnes
SRR6145059	k99_8203	134537	Paraburkholderia fungorum
SRR6145059	k99_6982	1270	Micrococcus luteus
SRR6145059	k99_15253	134537	Paraburkholderia fungorum
SRR6145059	k99_12481	1747	Cutibacterium acnes
SRR6145059	k99_12060	1234380	Cutibacterium acnes C1
SRR6145059	k99_10106	134537	Paraburkholderia fungorum
SRR6145059	k99_14439	1747	Cutibacterium acnes
SRR6145059	k99_5764	1747	Cutibacterium acnes
SRR6145059	k99_14614	134537	Paraburkholderia fungorum
SRR6145059	k99_4839	1234380	Cutibacterium acnes C1
SRR6145059	k99_3765	134537	Paraburkholderia fungorum
SRR6145059	k99_8204	134537	Paraburkholderia fungorum
SRR6145059	k99_778	1270	Micrococcus luteus
SRR6145059	k99_2022	1270	Micrococcus luteus
SRR6145059	k99_1105	1747	Cutibacterium acnes
SRR6145059	k99_1854	1747	Cutibacterium acnes
SRR6145059	k99_1107	1747	Cutibacterium acnes
SRR6145059	k99_4024	1747	Cutibacterium acnes
SRR6145059	k99_13783	1747	Cutibacterium acnes
SRR6145059	k99_12729	1270	Micrococcus luteus
SRR6145059	k99_8790	1747	Cutibacterium acnes
SRR6145059	k99_1855	1234380	Cutibacterium acnes C1
SRR6145059	k99_6078	1747	Cutibacterium acnes
SRR6145059	k99_859	134537	Paraburkholderia fungorum
SRR6145059	k99_13465	1270	Micrococcus luteus
SRR6145059	k99_14023	134537	Paraburkholderia fungorum
SRR6145059	k99_9270	1747	Cutibacterium acnes
SRR6145059	k99_12146	134537	Paraburkholderia fungorum
SRR6145059	k99_11888	1804984	Burkholderia sp. OLGA172
SRR6145059	k99_7804	1747	Cutibacterium acnes
SRR6145059	k99_371	1234380	Cutibacterium acnes C1
SRR6145059	k99_11985	134537	Paraburkholderia fungorum
SRR6145059	k99_14776	134537	Paraburkholderia fungorum
SRR6145059	k99_7477	1747	Cutibacterium acnes
SRR6145059	k99_15746	134537	Paraburkholderia fungorum
SRR6145059	k99_11889	1747	Cutibacterium acnes
SRR6145059	k99_10676	1270	Micrococcus luteus
SRR6145059	k99_5676	1747	Cutibacterium acnes
SRR6145059	k99_11891	1747	Cutibacterium acnes
SRR6145059	k99_6238	9606	Homo sapiens
SRR6145059	k99_14541	1747	Cutibacterium acnes
SRR6145059	k99_8443	134537	Paraburkholderia fungorum
SRR6145059	k99_6326	134537	Paraburkholderia fungorum
SRR6145059	k99_15413	1747	Cutibacterium acnes
SRR6145059	k99_10266	1747	Cutibacterium acnes
SRR6145059	k99_10938	134537	Paraburkholderia fungorum
SRR6145059	k99_2024	1747	Cutibacterium acnes
SRR6145059	k99_15416	1747	Cutibacterium acnes
SRR6145059	k99_10268	1270	Micrococcus luteus
SRR6145059	k99_8874	1747	Cutibacterium acnes
SRR6145059	k99_4430	134537	Paraburkholderia fungorum
SRR6145059	k99_15662	134537	Paraburkholderia fungorum
SRR6145059	k99_2523	1234380	Cutibacterium acnes C1
SRR6145059	k99_9758	1747	Cutibacterium acnes
SRR6145059	k99_12390	134537	Paraburkholderia fungorum
SRR6145059	k99_1857	1234380	Cutibacterium acnes C1
SRR6145059	k99_4104	1747	Cutibacterium acnes
SRR6145059	k99_9351	1234380	Cutibacterium acnes C1
SRR6145059	k99_12807	134537	Paraburkholderia fungorum
SRR6145059	k99_11330	1170318	Cutibacterium avidum 44067
SRR6145059	k99_1943	1747	Cutibacterium acnes
SRR6145059	k99_7648	1747	Cutibacterium acnes
SRR6145059	k99_6749	1270	Micrococcus luteus
SRR6145059	k99_3596	1747	Cutibacterium acnes
SRR6145059	k99_12295	134537	Paraburkholderia fungorum
SRR6145059	k99_6897	1747	Cutibacterium acnes
SRR6145059	k99_13381	1747	Cutibacterium acnes
SRR6145059	k99_12975	134537	Paraburkholderia fungorum
SRR6145059	k99_2190	1270	Micrococcus luteus
SRR6145059	k99_5592	1747	Cutibacterium acnes
SRR6145059	k99_783	1747	Cutibacterium acnes
SRR6145059	k99_9858	1747	Cutibacterium acnes
SRR6145059	k99_10840	1747	Cutibacterium acnes
SRR6145059	k99_4358	1747	Cutibacterium acnes
SRR6145059	k99_12883	1234380	Cutibacterium acnes C1
SRR6145059	k99_5925	1747	Cutibacterium acnes
SRR6145059	k99_5765	134537	Paraburkholderia fungorum
SRR6145059	k99_8545	1747	Cutibacterium acnes
SRR6145059	k99_12810	1747	Cutibacterium acnes
SRR6145059	k99_14925	134537	Paraburkholderia fungorum
SRR6145059	k99_11332	1270	Micrococcus luteus
SRR6145059	k99_15575	134537	Paraburkholderia fungorum
SRR6145059	k99_14927	1270	Micrococcus luteus
SRR6145059	k99_14441	1747	Cutibacterium acnes
SRR6145059	k99_6009	1270	Micrococcus luteus
SRR6145059	k99_7567	1234380	Cutibacterium acnes C1
SRR6145059	k99_2690	1234380	Cutibacterium acnes C1
SRR6145059	k99_5279	1747	Cutibacterium acnes
SRR6145059	k99_6244	1270	Micrococcus luteus
SRR6145059	k99_12068	9606	Homo sapiens
SRR6145059	k99_14351	134537	Paraburkholderia fungorum
SRR6145059	k99_15180	134537	Paraburkholderia fungorum
SRR6145059	k99_11586	1747	Cutibacterium acnes
SRR6145059	k99_14276	1747	Cutibacterium acnes
SRR6145059	k99_12393	1747	Cutibacterium acnes
SRR6145059	k99_11431	1274	Dermacoccus nishinomiyaensis
SRR6145059	k99_6245	1747	Cutibacterium acnes
SRR6145059	k99_9128	1747	Cutibacterium acnes
SRR6145059	k99_5283	1270	Micrococcus luteus
SRR6145059	k99_1605	1747	Cutibacterium acnes
SRR6145059	k99_9448	1234380	Cutibacterium acnes C1
SRR6145059	k99_13879	134537	Paraburkholderia fungorum
SRR6145059	k99_6568	1747	Cutibacterium acnes
SRR6145059	k99_7063	1747	Cutibacterium acnes
SRR6145059	k99_3025	1234380	Cutibacterium acnes C1
SRR6145059	k99_14619	134537	Paraburkholderia fungorum
SRR6145059	k99_15021	134537	Paraburkholderia fungorum
SRR6145059	k99_7656	9606	Homo sapiens
SRR6145059	k99_5500	134537	Paraburkholderia fungorum
SRR6145059	k99_1111	1747	Cutibacterium acnes
SRR6145059	k99_15181	1234380	Cutibacterium acnes C1
SRR6145059	k99_6569	1747	Cutibacterium acnes
SRR6145059	k99_2848	1747	Cutibacterium acnes
SRR6145059	k99_10594	1270	Micrococcus luteus
SRR6145059	k99_2448	134537	Paraburkholderia fungorum
SRR6145059	k99_13957	1270	Micrococcus luteus
SRR6145059	k99_4763	134537	Paraburkholderia fungorum
SRR6145059	k99_15350	134537	Paraburkholderia fungorum
SRR6145059	k99_7316	1747	Cutibacterium acnes
SRR6145059	k99_2692	1747	Cutibacterium acnes
SRR6145059	k99_3774	134537	Paraburkholderia fungorum
SRR6145059	k99_10998	1747	Cutibacterium acnes
SRR6145059	k99_7251	1747	Cutibacterium acnes
SRR6145059	k99_11990	1747	Cutibacterium acnes
SRR6145059	k99_4363	1270	Micrococcus luteus
SRR6145059	k99_9544	1747	Cutibacterium acnes
SRR6145059	k99_9222	1270	Micrococcus luteus
SRR6145059	k99_5679	134537	Paraburkholderia fungorum
SRR6145059	k99_10433	134537	Paraburkholderia fungorum
SRR6145059	k99_9453	1747	Cutibacterium acnes
SRR6145059	k99_5680	1234380	Cutibacterium acnes C1
SRR6145059	k99_7483	1747	Cutibacterium acnes
SRR6145059	k99_2693	134537	Paraburkholderia fungorum
SRR6145059	k99_9938	1270	Micrococcus luteus
SRR6145059	k99_951	1747	Cutibacterium acnes
SRR6145059	k99_11435	134537	Paraburkholderia fungorum
SRR6145059	k99_11169	134537	Paraburkholderia fungorum
SRR6145059	k99_13622	1234380	Cutibacterium acnes C1
SRR6145059	k99_14931	1804984	Burkholderia sp. OLGA172
SRR6145059	k99_15577	1747	Cutibacterium acnes
SRR6145059	k99_11261	101571	Burkholderia ubonensis
SRR6145059	k99_3030	1270	Micrococcus luteus
SRR6145059	k99_4527	1282	Staphylococcus epidermidis
SRR6145059	k99_6824	1747	Cutibacterium acnes
SRR6145059	k99_9130	1270	Micrococcus luteus
SRR6145059	k99_5286	9606	Homo sapiens
SRR6145059	k99_13785	134537	Paraburkholderia fungorum
SRR6145059	k99_5181	1234380	Cutibacterium acnes C1
SRR6145059	k99_9701	1747	Cutibacterium acnes
SRR6145059	k99_14279	1747	Cutibacterium acnes
SRR6145059	k99_8372	1747	Cutibacterium acnes
SRR6145059	k99_12301	134537	Paraburkholderia fungorum
SRR6145059	k99_1867	1747	Cutibacterium acnes
SRR6145059	k99_6659	1747	Cutibacterium acnes
SRR6145059	k99_535	1270	Micrococcus luteus
SRR6145059	k99_15022	1270	Micrococcus luteus
SRR6145059	k99_10438	9606	Homo sapiens
SRR6145059	k99_14285	1747	Cutibacterium acnes
SRR6145059	k99_3858	1747	Cutibacterium acnes
SRR6145059	k99_7738	1804984	Burkholderia sp. OLGA172
SRR6145059	k99_11592	134537	Paraburkholderia fungorum
SRR6145059	k99_3778	134537	Paraburkholderia fungorum
SRR6145059	k99_15524	1747	Cutibacterium acnes
SRR6145059	k99_8961	1270	Micrococcus luteus
SRR6145059	k99_2030	1747	Cutibacterium acnes
SRR6145059	k99_2353	1747	Cutibacterium acnes
SRR6145059	k99_2611	1270	Micrococcus luteus
SRR6145059	k99_1774	1747	Cutibacterium acnes
SRR6145059	k99_4764	134537	Paraburkholderia fungorum
SRR6145059	k99_3105	1234380	Cutibacterium acnes C1
SRR6145059	k99_11749	134537	Paraburkholderia fungorum
SRR6145059	k99_1949	1270	Micrococcus luteus
SRR6145059	k99_13788	1134454	Cutibacterium acnes HL096PA1
SRR6145059	k99_7149	1270	Micrococcus luteus
SRR6145059	k99_4924	134537	Paraburkholderia fungorum
SRR6145059	k99_15747	134537	Paraburkholderia fungorum
SRR6145059	k99_7150	1270	Micrococcus luteus
SRR6145059	k99_12815	134537	Paraburkholderia fungorum
SRR6145059	k99_7572	1270	Micrococcus luteus
SRR6145059	k99_7661	1234380	Cutibacterium acnes C1
SRR6145059	k99_6166	134537	Paraburkholderia fungorum
SRR6145059	k99_15262	134537	Paraburkholderia fungorum
SRR6145059	k99_1870	1234380	Cutibacterium acnes C1
SRR6145059	k99_9456	1747	Cutibacterium acnes
SRR6145059	k99_3704	1234380	Cutibacterium acnes C1
SRR6145059	k99_12662	1747	Cutibacterium acnes
SRR6145059	k99_12573	1747	Cutibacterium acnes
SRR6145059	k99_15025	1747	Cutibacterium acnes
SRR6145059	k99_14204	1747	Cutibacterium acnes
SRR6145059	k99_3449	9606	Homo sapiens
SRR6145059	k99_5769	134537	Paraburkholderia fungorum
SRR6145059	k99_15184	1747	Cutibacterium acnes
SRR6145059	k99_3604	1270	Micrococcus luteus
SRR6145059	k99_3451	1747	Cutibacterium acnes
SRR6145059	k99_12486	134537	Paraburkholderia fungorum
SRR6145059	k99_7739	1234380	Cutibacterium acnes C1
SRR6145059	k99_2697	1234380	Cutibacterium acnes C1
SRR6145059	k99_11266	134537	Paraburkholderia fungorum
SRR6145059	k99_11897	134537	Paraburkholderia fungorum
SRR6145059	k99_9545	1747	Cutibacterium acnes
SRR6145059	k99_8062	1270	Micrococcus luteus
SRR6145059	k99_7253	1747	Cutibacterium acnes
SRR6145059	k99_4030	134537	Paraburkholderia fungorum
SRR6145059	k99_13128	10616	Human papillomavirus type 49
SRR6145059	k99_4368	134537	Paraburkholderia fungorum
SRR6145059	k99_2195	1747	Cutibacterium acnes
SRR6145059	k99_9862	1270	Micrococcus luteus
SRR6145059	k99_10691	134537	Paraburkholderia fungorum
SRR6145059	k99_11669	1747	Cutibacterium acnes
SRR6145059	k99_14938	134537	Paraburkholderia fungorum
SRR6145059	k99_11337	1747	Cutibacterium acnes
SRR6145059	k99_7812	1747	Cutibacterium acnes
SRR6145059	k99_15028	1747	Cutibacterium acnes
SRR6145059	k99_9037	134537	Paraburkholderia fungorum
SRR6145059	k99_3605	1234380	Cutibacterium acnes C1
SRR6145059	k99_7663	1234380	Cutibacterium acnes C1
SRR6145059	k99_13307	134537	Paraburkholderia fungorum
SRR6145059	k99_3862	1747	Cutibacterium acnes
SRR6145059	k99_13219	1747	Cutibacterium acnes
SRR6145059	k99_1708	1747	Cutibacterium acnes
SRR6145059	k99_15419	134537	Paraburkholderia fungorum
SRR6145059	k99_1366	1747	Cutibacterium acnes
SRR6145059	k99_6508	1747	Cutibacterium acnes
SRR6145059	k99_2033	1234380	Cutibacterium acnes C1
SRR6145059	k99_2361	1270	Micrococcus luteus
SRR6145059	k99_1211	1747	Cutibacterium acnes
SRR6145059	k99_12305	1270	Micrococcus luteus
SRR6145059	k99_10120	1234380	Cutibacterium acnes C1
SRR6145059	k99_4851	1747	Cutibacterium acnes
SRR6145059	k99_8634	1795043	Burkholderia sp. PAMC 26561
SRR6145059	k99_1121	1747	Cutibacterium acnes
SRR6145059	k99_1213	1747	Cutibacterium acnes
SRR6145059	k99_2940	1747	Cutibacterium acnes
SRR6145059	k99_6432	1747	Cutibacterium acnes
SRR6145059	k99_5093	1747	Cutibacterium acnes
SRR6145059	k99_10999	134537	Paraburkholderia fungorum
SRR6145059	k99_3207	1747	Cutibacterium acnes
SRR6145059	k99_14706	1747	Cutibacterium acnes
SRR6145059	k99_10846	134537	Paraburkholderia fungorum
SRR6145059	k99_14205	134537	Paraburkholderia fungorum
SRR6145059	k99_14623	134537	Paraburkholderia fungorum
SRR6145059	k99_3781	1747	Cutibacterium acnes
SRR6145059	k99_3934	1747	Cutibacterium acnes
SRR6145059	k99_11754	1747	Cutibacterium acnes
SRR6145059	k99_5186	1747	Cutibacterium acnes
SRR6145059	k99_2614	1747	Cutibacterium acnes
SRR6145059	k99_12253	1747	Cutibacterium acnes
SRR6145059	k99_5598	134537	Paraburkholderia fungorum
SRR6145059	k99_3109	1270	Micrococcus luteus
SRR6145059	k99_9865	134537	Paraburkholderia fungorum
SRR6145059	k99_9620	1270	Micrococcus luteus
SRR6145059	k99_4930	1270	Micrococcus luteus
SRR6145059	k99_14287	134537	Paraburkholderia fungorum
SRR6145059	k99_642	1270	Micrococcus luteus
SRR6145059	k99_10031	134537	Paraburkholderia fungorum
SRR6145059	k99_9942	2026199	Paraburkholderia aromaticivorans
SRR6145059	k99_7977	134537	Paraburkholderia fungorum
SRR6145059	k99_12668	1179670	Micrococcus sp. KBS0714
SRR6145059	k99_3272	1747	Cutibacterium acnes
SRR6145059	k99_4931	1747	Cutibacterium acnes
SRR6145059	k99_2784	1270	Micrococcus luteus
SRR6145059	k99_4692	1747	Cutibacterium acnes
SRR6145059	k99_1124	1747	Cutibacterium acnes
SRR6145059	k99_2034	1747	Cutibacterium acnes
SRR6145059	k99_15527	134537	Paraburkholderia fungorum
SRR6145059	k99_11342	1270	Micrococcus luteus
SRR6145059	k99_2364	1234380	Cutibacterium acnes C1
SRR6145059	k99_11999	1747	Cutibacterium acnes
SRR6145059	k99_12405	1747	Cutibacterium acnes
SRR6145059	k99_5430	1747	Cutibacterium acnes
SRR6145059	k99_7816	1747	Cutibacterium acnes
SRR6145059	k99_6251	134537	Paraburkholderia fungorum
SRR6145059	k99_12406	1747	Cutibacterium acnes
SRR6145059	k99_1876	1747	Cutibacterium acnes
SRR6145059	k99_4607	134537	Paraburkholderia fungorum
SRR6145059	k99_8131	1761016	Paraburkholderia caffeinilytica
SRR6145059	k99_9868	1747	Cutibacterium acnes
SRR6145059	k99_1717	1270	Micrococcus luteus
SRR6145059	k99_12407	1747	Cutibacterium acnes
SRR6145059	k99_2122	1270	Micrococcus luteus
SRR6145059	k99_12161	1747	Cutibacterium acnes
SRR6145059	k99_12748	1747	Cutibacterium acnes
SRR6145059	k99_2702	1747	Cutibacterium acnes
SRR6145059	k99_6433	1747	Cutibacterium acnes
SRR6145059	k99_7580	1234380	Cutibacterium acnes C1
SRR6145059	k99_2457	1747	Cutibacterium acnes
SRR6145059	k99_1720	1747	Cutibacterium acnes
SRR6145059	k99_15671	134537	Paraburkholderia fungorum
SRR6145059	k99_4934	1747	Cutibacterium acnes
SRR6145059	k99_15039	1747	Cutibacterium acnes
SRR6145059	k99_1295	1270	Micrococcus luteus
SRR6145059	k99_14708	1747	Cutibacterium acnes
SRR6145059	k99_11177	134537	Paraburkholderia fungorum
SRR6145059	k99_13223	1747	Cutibacterium acnes
SRR6145059	k99_3783	1747	Cutibacterium acnes
SRR6145059	k99_3367	1747	Cutibacterium acnes
SRR6145059	k99_15748	134537	Paraburkholderia fungorum
SRR6145059	k99_10184	1747	Cutibacterium acnes
SRR6145059	k99_13225	1285583	Corynebacterium casei LMG S-19264
SRR6145059	k99_5849	134537	Paraburkholderia fungorum
SRR6145059	k99_7162	1747	Cutibacterium acnes
SRR6145059	k99_1132	1747	Cutibacterium acnes
SRR6145059	k99_14857	134537	Paraburkholderia fungorum
SRR6145059	k99_12002	134537	Paraburkholderia fungorum
SRR6145059	k99_3706	134537	Paraburkholderia fungorum
SRR6145059	k99_15584	1747	Cutibacterium acnes
SRR6145059	k99_724	1747	Cutibacterium acnes
SRR6145059	k99_12988	1747	Cutibacterium acnes
SRR6145059	k99_2943	1747	Cutibacterium acnes
SRR6145059	k99_7166	1747	Cutibacterium acnes
SRR6145059	k99_4693	1234380	Cutibacterium acnes C1
SRR6145059	k99_4377	1747	Cutibacterium acnes
SRR6145059	k99_2370	1747	Cutibacterium acnes
SRR6145059	k99_12672	1747	Cutibacterium acnes
SRR6145059	k99_10694	134537	Paraburkholderia fungorum
SRR6145059	k99_6833	915427	Human papillomavirus type 112
SRR6145059	k99_6513	1747	Cutibacterium acnes
SRR6145059	k99_13630	1747	Cutibacterium acnes
SRR6145059	k99_13059	1747	Cutibacterium acnes
SRR6145059	k99_7328	134537	Paraburkholderia fungorum
SRR6145059	k99_5604	134537	Paraburkholderia fungorum
SRR6145059	k99_11275	1747	Cutibacterium acnes
SRR6145059	k99_5433	1234380	Cutibacterium acnes C1
SRR6145059	k99_11901	1234380	Cutibacterium acnes C1
SRR6145059	k99_10187	1747	Cutibacterium acnes
SRR6145059	k99_10777	134537	Paraburkholderia fungorum
SRR6145059	k99_14784	134537	Paraburkholderia fungorum
SRR6145059	k99_5190	134537	Paraburkholderia fungorum
SRR6145059	k99_6911	1747	Cutibacterium acnes
SRR6145059	k99_8067	1234380	Cutibacterium acnes C1
SRR6145059	k99_12076	134537	Paraburkholderia fungorum
SRR6145059	k99_15189	134537	Paraburkholderia fungorum
SRR6145059	k99_13891	134537	Paraburkholderia fungorum
SRR6145059	k99_3462	1234380	Cutibacterium acnes C1
SRR6145059	k99_3939	1747	Cutibacterium acnes
SRR6145059	k99_5017	1747	Cutibacterium acnes
SRR6145059	k99_3535	1270	Micrococcus luteus
SRR6145059	k99_3216	1234380	Cutibacterium acnes C1
SRR6145059	k99_4776	1234380	Cutibacterium acnes C1
SRR6145059	k99_11838	1747	Cutibacterium acnes
SRR6145059	k99_15363	1747	Cutibacterium acnes
SRR6145059	k99_11679	134537	Paraburkholderia fungorum
SRR6145059	k99_6766	1234380	Cutibacterium acnes C1
SRR6145059	k99_4777	1134454	Cutibacterium acnes HL096PA1
SRR6145059	k99_10607	1747	Cutibacterium acnes
SRR6145059	k99_650	1270	Micrococcus luteus
SRR6145059	k99_5192	1270	Micrococcus luteus
SRR6145059	k99_7168	1747	Cutibacterium acnes
SRR6145059	k99_4379	1747	Cutibacterium acnes
SRR6145059	k99_15429	134537	Paraburkholderia fungorum
SRR6145059	k99_14208	134537	Paraburkholderia fungorum
SRR6145059	k99_726	1747	Cutibacterium acnes
SRR6145059	k99_14038	1747	Cutibacterium acnes
SRR6145059	k99_14209	1270	Micrococcus luteus
SRR6145059	k99_6580	1270	Micrococcus luteus
SRR6145059	k99_8976	1747	Cutibacterium acnes
SRR6145059	k99_6667	1747	Cutibacterium acnes
SRR6145059	k99_14039	1747	Cutibacterium acnes
SRR6145059	k99_6254	134537	Paraburkholderia fungorum
SRR6145059	k99_3048	1747	Cutibacterium acnes
SRR6145059	k99_12005	134537	Paraburkholderia fungorum
SRR6145059	k99_2375	1747	Cutibacterium acnes
SRR6145059	k99_4857	1747	Cutibacterium acnes
SRR6145059	k99_10037	1234380	Cutibacterium acnes C1
SRR6145059	k99_6257	1747	Cutibacterium acnes
SRR6145059	k99_14147	134537	Paraburkholderia fungorum
SRR6145059	k99_10452	134537	Paraburkholderia fungorum
SRR6145059	k99_3119	1091045	Cutibacterium acnes subsp. defendens ATCC 11828
SRR6145059	k99_12749	1234380	Cutibacterium acnes C1
SRR6145059	k99_9141	1747	Cutibacterium acnes
SRR6145059	k99_6771	1747	Cutibacterium acnes
SRR6145059	k99_10191	1747	Cutibacterium acnes
SRR6145059	k99_3796	1747	Cutibacterium acnes
SRR6145059	k99_12585	1747	Cutibacterium acnes
SRR6145059	k99_2707	1747	Cutibacterium acnes
SRR6145059	k99_6439	1747	Cutibacterium acnes
SRR6145059	k99_6110	1747	Cutibacterium acnes
SRR6145059	k99_9143	9606	Homo sapiens
SRR6145059	k99_2378	1747	Cutibacterium acnes
SRR6145059	k99_6582	1270	Micrococcus luteus
SRR6145059	k99_14940	134537	Paraburkholderia fungorum
SRR6145059	k99_12315	134537	Paraburkholderia fungorum
SRR6145059	k99_388	1747	Cutibacterium acnes
SRR6145059	k99_2624	1270	Micrococcus luteus
SRR6145059	k99_12318	1270	Micrococcus luteus
SRR6145059	k99_7332	134537	Paraburkholderia fungorum
SRR6145059	k99_14858	43990	Corynebacterium segmentosum
SRR6145059	k99_15272	134537	Paraburkholderia fungorum
SRR6145059	k99_8644	1270	Micrococcus luteus
SRR6145059	k99_7495	1747	Cutibacterium acnes
SRR6145059	k99_4209	1234380	Cutibacterium acnes C1
SRR6145059	k99_1736	1747	Cutibacterium acnes
SRR6145059	k99_11682	1747	Cutibacterium acnes
SRR6145059	k99_9148	1747	Cutibacterium acnes
SRR6145059	k99_6585	1747	Cutibacterium acnes
SRR6145059	k99_1627	1747	Cutibacterium acnes
SRR6145059	k99_5516	1270	Micrococcus luteus
SRR6145059	k99_11683	1270	Micrococcus luteus
SRR6145059	k99_4210	1270	Micrococcus luteus
SRR6145059	k99_7672	1747	Cutibacterium acnes
SRR6145059	k99_15749	134537	Paraburkholderia fungorum
SRR6145059	k99_13233	1747	Cutibacterium acnes
SRR6145059	k99_8381	1270	Micrococcus luteus
SRR6145059	k99_2130	1747	Cutibacterium acnes
SRR6145059	k99_14944	1747	Cutibacterium acnes
SRR6145059	k99_4699	134537	Paraburkholderia fungorum
SRR6145059	k99_4049	134537	Paraburkholderia fungorum
SRR6145059	k99_10536	1747	Cutibacterium acnes
SRR6145059	k99_8732	134537	Paraburkholderia fungorum
SRR6145059	k99_9052	61645	Enterobacter asburiae
SRR6145059	k99_1304	1114969	Cutibacterium acnes TypeIA2 P.acn31
SRR6145059	k99_13490	1747	Cutibacterium acnes
SRR6145059	k99_3948	1234380	Cutibacterium acnes C1
SRR6145059	k99_1737	9606	Homo sapiens
SRR6145059	k99_15678	1747	Cutibacterium acnes
SRR6145059	k99_12992	9606	Homo sapiens
SRR6145059	k99_12993	1747	Cutibacterium acnes
SRR6145059	k99_3871	134537	Paraburkholderia fungorum
SRR6145059	k99_14715	1270	Micrococcus luteus
SRR6145059	k99_14946	1747	Cutibacterium acnes
SRR6145059	k99_3872	1270	Micrococcus luteus
SRR6145059	k99_4937	134537	Paraburkholderia fungorum
SRR6145059	k99_11523	1747	Cutibacterium acnes
SRR6145059	k99_14213	1747	Cutibacterium acnes
SRR6145059	k99_7751	134537	Paraburkholderia fungorum
SRR6145059	k99_3612	1747	Cutibacterium acnes
SRR6145059	k99_13722	134537	Paraburkholderia fungorum
SRR6145059	k99_5020	134537	Paraburkholderia fungorum
SRR6145059	k99_7498	1747	Cutibacterium acnes
SRR6145059	k99_12082	1234380	Cutibacterium acnes C1
SRR6145059	k99_3803	1234380	Cutibacterium acnes C1
SRR6145059	k99_8733	134537	Paraburkholderia fungorum
SRR6145059	k99_3373	134537	Paraburkholderia fungorum
SRR6145059	k99_6445	1270	Micrococcus luteus
SRR6145059	k99_12750	1747	Cutibacterium acnes
SRR6145059	k99_1630	1747	Cutibacterium acnes
SRR6145059	k99_6346	1747	Cutibacterium acnes
SRR6145059	k99_9629	134537	Paraburkholderia fungorum
SRR6145059	k99_7075	1234380	Cutibacterium acnes C1
SRR6145059	k99_11453	1747	Cutibacterium acnes
SRR6145059	k99_15535	134537	Paraburkholderia fungorum
SRR6145059	k99_14565	1747	Cutibacterium acnes
SRR6145059	k99_5103	1747	Cutibacterium acnes
SRR6145059	k99_15196	134537	Paraburkholderia fungorum
SRR6145059	k99_13319	1747	Cutibacterium acnes
SRR6145059	k99_10540	134537	Paraburkholderia fungorum
SRR6145059	k99_5613	1747	Cutibacterium acnes
SRR6145059	k99_3465	1747	Cutibacterium acnes
SRR6145059	k99_7019	134537	Paraburkholderia fungorum
SRR6145059	k99_11524	1747	Cutibacterium acnes
SRR6145059	k99_964	1234380	Cutibacterium acnes C1
SRR6145059	k99_10373	134537	Paraburkholderia fungorum
SRR6145059	k99_13130	134537	Paraburkholderia fungorum
SRR6145059	k99_13632	134537	Paraburkholderia fungorum
SRR6145059	k99_11179	134537	Paraburkholderia fungorum
SRR6145059	k99_10960	1747	Cutibacterium acnes
SRR6145059	k99_4215	1747	Cutibacterium acnes
SRR6145059	k99_11180	1747	Cutibacterium acnes
SRR6145059	k99_11095	1747	Cutibacterium acnes
SRR6145059	k99_15103	134537	Paraburkholderia fungorum
SRR6145059	k99_12009	134537	Paraburkholderia fungorum
SRR6145059	k99_9472	1270	Micrococcus luteus
SRR6145059	k99_4448	1270	Micrococcus luteus
SRR6145059	k99_3619	1270	Micrococcus luteus
SRR6145059	k99_9631	1270	Micrococcus luteus
SRR6145059	k99_8737	1747	Cutibacterium acnes
SRR6145059	k99_7501	1747	Cutibacterium acnes
SRR6145059	k99_5859	1747	Cutibacterium acnes
SRR6145059	k99_3547	1747	Cutibacterium acnes
SRR6145059	k99_15755	134537	Paraburkholderia fungorum
SRR6145059	k99_5200	134537	Paraburkholderia fungorum
SRR6145059	k99_6919	1747	Cutibacterium acnes
SRR6145059	k99_6449	134537	Paraburkholderia fungorum
SRR6145059	k99_13796	1747	Cutibacterium acnes
SRR6145059	k99_13407	1747	Cutibacterium acnes
SRR6145059	k99_7594	1747	Cutibacterium acnes
SRR6145059	k99_10288	1747	Cutibacterium acnes
SRR6145059	k99_1967	1747	Cutibacterium acnes
SRR6145059	k99_2869	1270	Micrococcus luteus
SRR6145059	k99_5303	1747	Cutibacterium acnes
SRR6145059	k99_3469	1234380	Cutibacterium acnes C1
SRR6145059	k99_13408	1270	Micrococcus luteus
SRR6145059	k99_1571	1747	Cutibacterium acnes
SRR6145059	k99_14861	1747	Cutibacterium acnes
SRR6145059	k99_12012	1270	Micrococcus luteus
SRR6145059	k99_466	1747	Cutibacterium acnes
SRR6145059	k99_9717	134537	Paraburkholderia fungorum
SRR6145059	k99_2550	1747	Cutibacterium acnes
SRR6145059	k99_15108	1747	Cutibacterium acnes
SRR6145059	k99_11457	1270	Micrococcus luteus
SRR6145059	k99_14151	9606	Homo sapiens
SRR6145059	k99_12167	1747	Cutibacterium acnes
SRR6145059	k99_4219	1747	Cutibacterium acnes
SRR6145059	k99_7597	1747	Cutibacterium acnes
SRR6145059	k99_14862	1747	Cutibacterium acnes
SRR6145059	k99_10780	134537	Paraburkholderia fungorum
SRR6145059	k99_7991	1747	Cutibacterium acnes
SRR6145059	k99_3130	134537	Paraburkholderia fungorum
SRR6145059	k99_5698	1747	Cutibacterium acnes
SRR6145059	k99_11458	1747	Cutibacterium acnes
SRR6145059	k99_5523	1234380	Cutibacterium acnes C1
SRR6145059	k99_4220	1747	Cutibacterium acnes
SRR6145059	k99_6922	1747	Cutibacterium acnes
SRR6145059	k99_10132	134537	Paraburkholderia fungorum
SRR6145059	k99_5023	1270	Micrococcus luteus
SRR6145059	k99_11281	9606	Homo sapiens
SRR6145059	k99_11843	1270	Micrococcus luteus
SRR6145059	k99_12270	1747	Cutibacterium acnes
SRR6145059	k99_5787	1270	Micrococcus luteus
SRR6145059	k99_8390	1270	Micrococcus luteus
SRR6145059	k99_6928	1747	Cutibacterium acnes
SRR6145059	k99_3621	1747	Cutibacterium acnes
SRR6145059	k99_13003	134537	Paraburkholderia fungorum
SRR6145059	k99_11183	1747	Cutibacterium acnes
SRR6145059	k99_11348	134537	Paraburkholderia fungorum
SRR6145059	k99_11096	1747	Cutibacterium acnes
SRR6145059	k99_9555	1747	Cutibacterium acnes
SRR6145059	k99_13076	1747	Cutibacterium acnes
SRR6145059	k99_8558	1747	Cutibacterium acnes
SRR6145059	k99_10615	1747	Cutibacterium acnes
SRR6145059	k99_5204	33010	Cutibacterium avidum
SRR6145059	k99_11918	1270	Micrococcus luteus
SRR6145059	k99_14567	134537	Paraburkholderia fungorum
SRR6145059	k99_8137	570	Klebsiella
SRR6145059	k99_7994	1270	Micrococcus luteus
SRR6145059	k99_2212	1747	Cutibacterium acnes
SRR6145059	k99_13239	1747	Cutibacterium acnes
SRR6145059	k99_6453	1747	Cutibacterium acnes
SRR6145059	k99_8564	1747	Cutibacterium acnes
SRR6145059	k99_11528	1747	Cutibacterium acnes
SRR6145059	k99_3717	1747	Cutibacterium acnes
SRR6145059	k99_14652	1270	Micrococcus luteus
SRR6145059	k99_3473	1747	Cutibacterium acnes
SRR6145059	k99_10137	1234380	Cutibacterium acnes C1
SRR6145059	k99_8322	134537	Paraburkholderia fungorum
SRR6145059	k99_15110	1747	Cutibacterium acnes
SRR6145059	k99_7339	1747	Cutibacterium acnes
SRR6145059	k99_13321	134537	Paraburkholderia fungorum
SRR6145059	k99_2872	1747	Cutibacterium acnes
SRR6145059	k99_10877	1747	Cutibacterium acnes
SRR6145059	k99_9559	134537	Paraburkholderia fungorum
SRR6145059	k99_4704	1747	Cutibacterium acnes
SRR6145059	k99_14867	1270	Micrococcus luteus
SRR6145059	k99_13901	1747	Cutibacterium acnes
SRR6145059	k99_557	1270	Micrococcus luteus
SRR6145059	k99_5949	1747	Cutibacterium acnes
SRR6145059	k99_2630	134537	Paraburkholderia fungorum
SRR6145059	k99_1887	1270	Micrococcus luteus
SRR6145059	k99_13497	1747	Cutibacterium acnes
SRR6145059	k99_14570	1747	Cutibacterium acnes
SRR6145059	k99_3809	1747	Cutibacterium acnes
SRR6145059	k99_10713	1270	Micrococcus luteus
SRR6145059	k99_2388	1747	Cutibacterium acnes
SRR6145059	k99_6349	134537	Paraburkholderia fungorum
SRR6145059	k99_14224	9606	Homo sapiens
SRR6145059	k99_11349	1747	Cutibacterium acnes
SRR6145059	k99_14465	1270	Micrococcus luteus
SRR6145059	k99_13503	1747	Cutibacterium acnes
SRR6145059	k99_7341	1234380	Cutibacterium acnes C1
SRR6145059	k99_11847	1270	Micrococcus luteus
SRR6145059	k99_2215	1747	Cutibacterium acnes
SRR6145059	k99_13978	134537	Paraburkholderia fungorum
SRR6145059	k99_3630	1747	Cutibacterium acnes
SRR6145059	k99_3231	1747	Cutibacterium acnes
SRR6145059	k99_9725	1270	Micrococcus luteus
SRR6145059	k99_4615	1747	Cutibacterium acnes
SRR6145059	k99_15199	134537	Paraburkholderia fungorum
SRR6145059	k99_13135	1234380	Cutibacterium acnes C1
SRR6145059	k99_5620	1270	Micrococcus luteus
SRR6145059	k99_7077	134537	Paraburkholderia fungorum
SRR6145059	k99_5527	9606	Homo sapiens
SRR6145059	k99_15756	134537	Paraburkholderia fungorum
SRR6145059	k99_9955	1747	Cutibacterium acnes
SRR6145059	k99_14655	1234380	Cutibacterium acnes C1
SRR6145059	k99_2137	1747	Cutibacterium acnes
SRR6145059	k99_14466	134537	Paraburkholderia fungorum
SRR6145059	k99_15444	1747	Cutibacterium acnes
SRR6145059	k99_14657	1747	Cutibacterium acnes
SRR6145059	k99_6044	1747	Cutibacterium acnes
SRR6145059	k99_6933	1234380	Cutibacterium acnes C1
SRR6145059	k99_4226	1234380	Cutibacterium acnes C1
SRR6145059	k99_3812	1270	Micrococcus luteus
SRR6145059	k99_1574	1747	Cutibacterium acnes
SRR6145059	k99_10618	134537	Paraburkholderia fungorum
SRR6145059	k99_1889	1747	Cutibacterium acnes
SRR6145059	k99_12091	1747	Cutibacterium acnes
SRR6145059	k99_4059	1747	Cutibacterium acnes
SRR6145059	k99_12847	1091045	Cutibacterium acnes subsp. defendens ATCC 11828
SRR6145059	k99_11354	134537	Paraburkholderia fungorum
SRR6145059	k99_11013	1747	Cutibacterium acnes
SRR6145059	k99_6120	1747	Cutibacterium acnes
SRR6145059	k99_8832	1747	Cutibacterium acnes
SRR6145059	k99_9636	1270	Micrococcus luteus
SRR6145059	k99_12851	1747	Cutibacterium acnes
SRR6145059	k99_9960	1270	Micrococcus luteus
SRR6145059	k99_2554	9606	Homo sapiens
SRR6145059	k99_10146	134537	Paraburkholderia fungorum
SRR6145059	k99_8332	1747	Cutibacterium acnes
SRR6145059	k99_10200	1747	Cutibacterium acnes
SRR6145059	k99_12272	1747	Cutibacterium acnes
SRR6145059	k99_5790	134537	Paraburkholderia fungorum
SRR6145059	k99_3060	1747	Cutibacterium acnes
SRR6145059	k99_8084	1747	Cutibacterium acnes
SRR6145059	k99_15114	134537	Paraburkholderia fungorum
SRR6145059	k99_9727	1270	Micrococcus luteus
SRR6145059	k99_11529	1170318	Cutibacterium avidum 44067
SRR6145059	k99_10147	1747	Cutibacterium acnes
SRR6145059	k99_4554	1747	Cutibacterium acnes
SRR6145059	k99_10291	134537	Paraburkholderia fungorum
SRR6145059	k99_11357	1747	Cutibacterium acnes
SRR6145059	k99_6193	134537	Paraburkholderia fungorum
SRR6145059	k99_12608	134537	Paraburkholderia fungorum
SRR6145059	k99_8649	1270	Micrococcus luteus
SRR6145059	k99_6676	134537	Paraburkholderia fungorum
SRR6145059	k99_4867	1747	Cutibacterium acnes
SRR6145059	k99_6677	1747	Cutibacterium acnes
SRR6145059	k99_2394	1747	Cutibacterium acnes
SRR6145059	k99_15542	134537	Paraburkholderia fungorum
SRR6145059	k99_12023	1270	Micrococcus luteus
SRR6145059	k99_2472	1747	Cutibacterium acnes
SRR6145059	k99_10545	1747	Cutibacterium acnes
SRR6145059	k99_6271	1747	Cutibacterium acnes
SRR6145059	k99_10724	1747	Cutibacterium acnes
SRR6145059	k99_1895	1747	Cutibacterium acnes
SRR6145059	k99_3289	1747	Cutibacterium acnes
SRR6145059	k99_1234	1747	Cutibacterium acnes
SRR6145059	k99_9060	1234380	Cutibacterium acnes C1
SRR6145059	k99_4786	134537	Paraburkholderia fungorum
SRR6145059	k99_8899	134537	Paraburkholderia fungorum
SRR6145059	k99_2730	1747	Cutibacterium acnes
SRR6145059	k99_1796	1234380	Cutibacterium acnes C1
SRR6145059	k99_9483	134537	Paraburkholderia fungorum
SRR6145059	k99_8149	1747	Cutibacterium acnes
SRR6145059	k99_11924	1234380	Cutibacterium acnes C1
SRR6145059	k99_561	134537	Paraburkholderia fungorum
SRR6145059	k99_5531	134537	Paraburkholderia fungorum
SRR6145059	k99_3637	1747	Cutibacterium acnes
SRR6145059	k99_2884	1747	Cutibacterium acnes
SRR6145059	k99_4714	1234380	Cutibacterium acnes C1
SRR6145059	k99_4462	1234380	Cutibacterium acnes C1
SRR6145059	k99_14050	1747	Cutibacterium acnes
SRR6145059	k99_6940	1234380	Cutibacterium acnes C1
SRR6145059	k99_15543	134537	Paraburkholderia fungorum
SRR6145059	k99_1897	134537	Paraburkholderia fungorum
SRR6145059	k99_4619	1747	Cutibacterium acnes
SRR6145059	k99_7275	1270	Micrococcus luteus
SRR6145059	k99_2885	43770	Corynebacterium striatum
SRR6145059	k99_4390	1270	Micrococcus luteus
SRR6145059	k99_5372	1747	Cutibacterium acnes
SRR6145059	k99_11014	1747	Cutibacterium acnes
SRR6145059	k99_8334	1234380	Cutibacterium acnes C1
SRR6145059	k99_9645	1270	Micrococcus luteus
SRR6145059	k99_4787	1747	Cutibacterium acnes
SRR6145059	k99_2219	1747	Cutibacterium acnes
SRR6145059	k99_10052	134537	Paraburkholderia fungorum
SRR6145059	k99_4949	1270	Micrococcus luteus
SRR6145059	k99_13086	1747	Cutibacterium acnes
SRR6145059	k99_12691	134537	Paraburkholderia fungorum
SRR6145059	k99_13243	1114969	Cutibacterium acnes TypeIA2 P.acn31
SRR6145059	k99_2141	1270	Micrococcus luteus
SRR6145059	k99_10622	1747	Cutibacterium acnes
SRR6145059	k99_2558	1747	Cutibacterium acnes
SRR6145059	k99_11689	134537	Paraburkholderia fungorum
SRR6145059	k99_3957	1747	Cutibacterium acnes
SRR6145059	k99_13509	1747	Cutibacterium acnes
SRR6145059	k99_6195	1747	Cutibacterium acnes
SRR6145059	k99_12436	1270	Micrococcus luteus
SRR6145059	k99_7028	1747	Cutibacterium acnes
SRR6145059	k99_12767	9606	Homo sapiens
SRR6145059	k99_911	1747	Cutibacterium acnes
SRR6145059	k99_2225	134537	Paraburkholderia fungorum
SRR6145059	k99_12176	1747	Cutibacterium acnes
SRR6145059	k99_8836	1747	Cutibacterium acnes
SRR6145059	k99_1798	1747	Cutibacterium acnes
SRR6145059	k99_6526	1747	Cutibacterium acnes
SRR6145059	k99_3560	1747	Cutibacterium acnes
SRR6145059	k99_5110	1747	Cutibacterium acnes
SRR6145059	k99_10054	134537	Paraburkholderia fungorum
SRR6145059	k99_2476	1747	Cutibacterium acnes
SRR6145059	k99_8336	134537	Paraburkholderia fungorum
SRR6145059	k99_13330	1747	Cutibacterium acnes
SRR6145059	k99_3961	1234380	Cutibacterium acnes C1
SRR6145059	k99_5962	1747	Cutibacterium acnes
SRR6145059	k99_3293	1270	Micrococcus luteus
SRR6145059	k99_13010	1270	Micrococcus luteus
SRR6145059	k99_10466	1270	Micrococcus luteus
SRR6145059	k99_4557	1747	Cutibacterium acnes
SRR6145059	k99_6685	1747	Cutibacterium acnes
SRR6145059	k99_12854	134537	Paraburkholderia fungorum
SRR6145059	k99_10378	1747	Cutibacterium acnes
SRR6145059	k99_11855	1747	Cutibacterium acnes
SRR6145059	k99_14160	1747	Cutibacterium acnes
SRR6145059	k99_10548	43675	Rothia mucilaginosa
SRR6145059	k99_15048	134537	Paraburkholderia fungorum
SRR6145059	k99_5877	134537	Paraburkholderia fungorum
SRR6145059	k99_15757	134537	Paraburkholderia fungorum
SRR6145059	k99_15049	1270	Micrococcus luteus
SRR6145059	k99_14051	1747	Cutibacterium acnes
SRR6145059	k99_12094	134537	Paraburkholderia fungorum
SRR6145059	k99_11020	1747	Cutibacterium acnes
SRR6145059	k99_14303	1747	Cutibacterium acnes
SRR6145059	k99_5114	1747	Cutibacterium acnes
SRR6145059	k99_1390	1747	Cutibacterium acnes
SRR6145059	k99_5964	1747	Cutibacterium acnes
SRR6145059	k99_2561	1747	Cutibacterium acnes
SRR6145059	k99_8657	1747	Cutibacterium acnes
SRR6145059	k99_15606	134537	Paraburkholderia fungorum
SRR6145059	k99_5632	1747	Cutibacterium acnes
SRR6145059	k99_9896	1270	Micrococcus luteus
SRR6145059	k99_2638	1747	Cutibacterium acnes
SRR6145059	k99_4464	134537	Paraburkholderia fungorum
SRR6145059	k99_7514	1091045	Cutibacterium acnes subsp. defendens ATCC 11828
SRR6145059	k99_5633	1747	Cutibacterium acnes
SRR6145059	k99_5225	1747	Cutibacterium acnes
SRR6145059	k99_4063	1747	Cutibacterium acnes
SRR6145059	k99_5311	1747	Cutibacterium acnes
SRR6145059	k99_2957	134537	Paraburkholderia fungorum
SRR6145059	k99_11778	134537	Paraburkholderia fungorum
SRR6145059	k99_14871	134537	Paraburkholderia fungorum
SRR6145059	k99_6129	1747	Cutibacterium acnes
SRR6145059	k99_3962	32008	Burkholderia
SRR6145059	k99_5227	1270	Micrococcus luteus
SRR6145059	k99_3963	1270	Micrococcus luteus
SRR6145059	k99_5636	1270	Micrococcus luteus
SRR6145059	k99_2059	1747	Cutibacterium acnes
SRR6145059	k99_15690	134537	Paraburkholderia fungorum
SRR6145059	k99_1145	1270	Micrococcus luteus
SRR6145059	k99_1656	1747	Cutibacterium acnes
SRR6145059	k99_6688	1747	Cutibacterium acnes
SRR6145059	k99_2891	1234380	Cutibacterium acnes C1
SRR6145059	k99_9970	34062	Moraxella osloensis
SRR6145059	k99_14470	134537	Paraburkholderia fungorum
SRR6145059	k99_2061	1747	Cutibacterium acnes
SRR6145059	k99_6196	134537	Paraburkholderia fungorum
SRR6145059	k99_9487	134537	Paraburkholderia fungorum
SRR6145059	k99_2958	1747	Cutibacterium acnes
SRR6145059	k99_6784	1747	Cutibacterium acnes
SRR6145059	k99_15121	134537	Paraburkholderia fungorum
SRR6145059	k99_1801	1747	Cutibacterium acnes
SRR6145059	k99_5032	1234380	Cutibacterium acnes C1
SRR6145059	k99_15210	1747	Cutibacterium acnes
SRR6145059	k99_12099	134537	Paraburkholderia fungorum
SRR6145059	k99_14053	1747	Cutibacterium acnes
SRR6145059	k99_10299	1747	Cutibacterium acnes
SRR6145059	k99_9738	1747	Cutibacterium acnes
SRR6145059	k99_5712	1270	Micrococcus luteus
SRR6145059	k99_10804	1270	Micrococcus luteus
SRR6145059	k99_8570	1747	Cutibacterium acnes
SRR6145059	k99_572	1747	Cutibacterium acnes
SRR6145059	k99_8094	1747	Cutibacterium acnes
SRR6145059	k99_15214	1747	Cutibacterium acnes
SRR6145059	k99_15615	1747	Cutibacterium acnes
SRR6145059	k99_14471	1747	Cutibacterium acnes
SRR6145059	k99_2312	1747	Cutibacterium acnes
SRR6145059	k99_4562	1747	Cutibacterium acnes
SRR6145059	k99_13020	1747	Cutibacterium acnes
SRR6145059	k99_4875	134537	Paraburkholderia fungorum
SRR6145059	k99_6852	134537	Paraburkholderia fungorum
SRR6145059	k99_8489	1747	Cutibacterium acnes
SRR6145059	k99_4295	134537	Paraburkholderia fungorum
SRR6145059	k99_5804	9606	Homo sapiens
SRR6145059	k99_8490	1747	Cutibacterium acnes
SRR6145059	k99_4465	1270	Micrococcus luteus
SRR6145059	k99_1318	1747	Cutibacterium acnes
SRR6145059	k99_12441	1747	Cutibacterium acnes
SRR6145059	k99_11936	1747	Cutibacterium acnes
SRR6145059	k99_8493	1747	Cutibacterium acnes
SRR6145059	k99_2808	134537	Paraburkholderia fungorum
SRR6145059	k99_8573	134537	Paraburkholderia fungorum
SRR6145059	k99_13817	1747	Cutibacterium acnes
SRR6145059	k99_9068	1747	Cutibacterium acnes
SRR6145059	k99_13991	9606	Homo sapiens
SRR6145059	k99_11937	1747	Cutibacterium acnes
SRR6145059	k99_2486	1747	Cutibacterium acnes
SRR6145059	k99_3151	1279	Staphylococcus
SRR6145059	k99_14472	1747	Cutibacterium acnes
SRR6145059	k99_15758	134537	Paraburkholderia fungorum
SRR6145059	k99_5462	9606	Homo sapiens
SRR6145059	k99_8905	1747	Cutibacterium acnes
SRR6145059	k99_4727	1747	Cutibacterium acnes
SRR6145059	k99_12442	134537	Paraburkholderia fungorum
SRR6145059	k99_14054	134537	Paraburkholderia fungorum
SRR6145059	k99_11113	1747	Cutibacterium acnes
SRR6145059	k99_9976	1270	Micrococcus luteus
SRR6145059	k99_13993	1270	Micrococcus luteus
SRR6145059	k99_5124	9606	Homo sapiens
SRR6145059	k99_3732	980427	Deinococcus wulumuqiensis
SRR6145059	k99_13994	1747	Cutibacterium acnes
SRR6145059	k99_9072	1747	Cutibacterium acnes
SRR6145059	k99_10887	1270	Micrococcus luteus
SRR6145059	k99_485	1747	Cutibacterium acnes
SRR6145059	k99_8495	134537	Paraburkholderia fungorum
SRR6145059	k99_9979	1747	Cutibacterium acnes
SRR6145059	k99_11864	1747	Cutibacterium acnes
SRR6145059	k99_11542	1747	Cutibacterium acnes
SRR6145059	k99_2234	134537	Paraburkholderia fungorum
SRR6145059	k99_2235	1234380	Cutibacterium acnes C1
SRR6145059	k99_15617	134537	Paraburkholderia fungorum
SRR6145059	k99_4728	1270	Micrococcus luteus
SRR6145059	k99_1152	134537	Paraburkholderia fungorum
SRR6145059	k99_14473	134537	Paraburkholderia fungorum
SRR6145059	k99_15547	134537	Paraburkholderia fungorum
SRR6145059	k99_11940	134537	Paraburkholderia fungorum
SRR6145059	k99_1401	1270	Micrococcus luteus
SRR6145059	k99_1808	1276648	Cutibacterium acnes hdn-1
SRR6145059	k99_5719	1747	Cutibacterium acnes
SRR6145059	k99_7428	1747	Cutibacterium acnes
SRR6145059	k99_14877	1747	Cutibacterium acnes
SRR6145059	k99_3891	1270	Micrococcus luteus
SRR6145059	k99_576	134537	Paraburkholderia fungorum
SRR6145059	k99_5463	1747	Cutibacterium acnes
SRR6145059	k99_6855	1747	Cutibacterium acnes
SRR6145059	k99_7846	134537	Paraburkholderia fungorum
SRR6145059	k99_1810	1747	Cutibacterium acnes
SRR6145059	k99_9312	34062	Moraxella osloensis
SRR6145059	k99_3301	2604047	Paraburkholderia sp. Msb3
SRR6145059	k99_14967	1270	Micrococcus luteus
SRR6145059	k99_12332	1747	Cutibacterium acnes
SRR6145059	k99_13824	1747	Cutibacterium acnes
SRR6145059	k99_9314	1747	Cutibacterium acnes
SRR6145059	k99_15056	1747	Cutibacterium acnes
SRR6145059	k99_5130	1234380	Cutibacterium acnes C1
SRR6145059	k99_994	1234380	Cutibacterium acnes C1
SRR6145059	k99_13257	9606	Homo sapiens
SRR6145059	k99_9396	134537	Paraburkholderia fungorum
SRR6145059	k99_15216	169430	Paraburkholderia hospita
SRR6145059	k99_3398	1747	Cutibacterium acnes
SRR6145059	k99_1402	1747	Cutibacterium acnes
SRR6145059	k99_14167	134537	Paraburkholderia fungorum
SRR6145059	k99_12032	1234380	Cutibacterium acnes C1
SRR6145059	k99_5038	1747	Cutibacterium acnes
SRR6145059	k99_10214	134537	Paraburkholderia fungorum
SRR6145059	k99_9077	1747	Cutibacterium acnes
SRR6145059	k99_14306	134537	Paraburkholderia fungorum
SRR6145059	k99_6542	134537	Paraburkholderia fungorum
SRR6145059	k99_4968	1747	Cutibacterium acnes
SRR6145059	k99_15057	1747	Cutibacterium acnes
SRR6145059	k99_2237	134537	Paraburkholderia fungorum
SRR6145059	k99_13825	134537	Paraburkholderia fungorum
SRR6145059	k99_7847	1747	Cutibacterium acnes
SRR6145059	k99_11941	1747	Cutibacterium acnes
SRR6145059	k99_13997	1234380	Cutibacterium acnes C1
SRR6145059	k99_2239	1747	Cutibacterium acnes
SRR6145059	k99_14881	134537	Paraburkholderia fungorum
SRR6145059	k99_13335	1804984	Burkholderia sp. OLGA172
SRR6145059	k99_11294	1747	Cutibacterium acnes
SRR6145059	k99_12921	1747	Cutibacterium acnes
SRR6145059	k99_13827	1747	Cutibacterium acnes
SRR6145059	k99_2157	1234380	Cutibacterium acnes C1
SRR6145059	k99_13091	134537	Paraburkholderia fungorum
SRR6145059	k99_8346	1270	Micrococcus luteus
SRR6145059	k99_4969	1747	Cutibacterium acnes
SRR6145059	k99_9790	1270	Micrococcus luteus
SRR6145059	k99_15389	2571748	Paraburkholderia sp. DHF22
SRR6145059	k99_5043	1270	Micrococcus luteus
SRR6145059	k99_7091	134537	Paraburkholderia fungorum
SRR6145059	k99_6286	1270	Micrococcus luteus
SRR6145059	k99_13745	1234380	Cutibacterium acnes C1
SRR6145059	k99_7092	1270	Micrococcus luteus
SRR6145059	k99_1157	1270	Micrococcus luteus
SRR6145059	k99_13656	1747	Cutibacterium acnes
SRR6145059	k99_8671	9606	Homo sapiens
SRR6145059	k99_14738	1747	Cutibacterium acnes
SRR6145059	k99_9080	1747	Cutibacterium acnes
SRR6145059	k99_11207	1747	Cutibacterium acnes
SRR6145059	k99_15551	1270	Micrococcus luteus
SRR6145059	k99_10396	1270	Micrococcus luteus
SRR6145059	k99_14478	1747	Cutibacterium acnes
SRR6145059	k99_12191	1747	Cutibacterium acnes
SRR6145059	k99_2652	1270	Micrococcus luteus
SRR6145059	k99_13834	9606	Homo sapiens
SRR6145059	k99_4631	1276648	Cutibacterium acnes hdn-1
SRR6145059	k99_11947	1747	Cutibacterium acnes
SRR6145059	k99_13264	1270	Micrococcus luteus
SRR6145059	k99_9794	34062	Moraxella osloensis
SRR6145059	k99_13747	1234380	Cutibacterium acnes C1
SRR6145059	k99_6209	1747	Cutibacterium acnes
SRR6145059	k99_15625	1747	Cutibacterium acnes
SRR6145059	k99_13748	1747	Cutibacterium acnes
SRR6145059	k99_8583	134537	Paraburkholderia fungorum
SRR6145059	k99_14388	1747	Cutibacterium acnes
SRR6145059	k99_6696	134537	Paraburkholderia fungorum
SRR6145059	k99_4809	1747	Cutibacterium acnes
SRR6145059	k99_13343	34062	Moraxella osloensis
SRR6145059	k99_6868	1747	Cutibacterium acnes
SRR6145059	k99_9797	2161816	Tessaracoccus timonensis
SRR6145059	k99_5558	134537	Paraburkholderia fungorum
SRR6145059	k99_14389	1747	Cutibacterium acnes
SRR6145059	k99_13099	1234380	Cutibacterium acnes C1
SRR6145059	k99_14973	134537	Paraburkholderia fungorum
SRR6145059	k99_13750	1747	Cutibacterium acnes
SRR6145059	k99_13100	1270	Micrococcus luteus
SRR6145059	k99_11212	1747	Cutibacterium acnes
SRR6145059	k99_7102	1747	Cutibacterium acnes
SRR6145059	k99_15396	1270	Micrococcus luteus
SRR6145059	k99_10636	134537	Paraburkholderia fungorum
SRR6145059	k99_13102	1747	Cutibacterium acnes
SRR6145059	k99_15631	1234380	Cutibacterium acnes C1
SRR6145059	k99_14320	1270	Micrococcus luteus
SRR6145059	k99_14395	1747	Cutibacterium acnes
SRR6145059	k99_11128	1234380	Cutibacterium acnes C1
SRR6145059	k99_6624	1747	Cutibacterium acnes
SRR6145059	k99_4481	34062	Moraxella osloensis
SRR6145059	k99_12932	1747	Cutibacterium acnes
SRR6145059	k99_6371	1747	Cutibacterium acnes
SRR6145059	k99_5054	1270	Micrococcus luteus
SRR6145059	k99_13751	1134454	Cutibacterium acnes HL096PA1
SRR6145059	k99_15225	1747	Cutibacterium acnes
SRR6145059	k99_9409	1747	Cutibacterium acnes
SRR6145059	k99_14487	1747	Cutibacterium acnes
SRR6145059	k99_11216	134537	Paraburkholderia fungorum
SRR6145059	k99_14975	1747	Cutibacterium acnes
SRR6145059	k99_9410	1747	Cutibacterium acnes
SRR6145059	k99_4633	1747	Cutibacterium acnes
SRR6145059	k99_3317	9606	Homo sapiens
SRR6145059	k99_12117	1270	Micrococcus luteus
SRR6145059	k99_14402	1270	Micrococcus luteus
SRR6145059	k99_5056	1747	Cutibacterium acnes
SRR6145059	k99_9810	1747	Cutibacterium acnes
SRR6145059	k99_6375	1747	Cutibacterium acnes
SRR6145059	k99_7112	1747	Cutibacterium acnes
SRR6145059	k99_13176	1270	Micrococcus luteus
SRR6145059	k99_12036	1747	Cutibacterium acnes
SRR6145059	k99_2979	1747	Cutibacterium acnes
SRR6145059	k99_13347	1747	Cutibacterium acnes
SRR6145059	k99_3319	1747	Cutibacterium acnes
SRR6145059	k99_5144	1747	Cutibacterium acnes
SRR6145059	k99_14888	1747	Cutibacterium acnes
SRR6145059	k99_11031	1747	Cutibacterium acnes
SRR6145059	k99_14496	1747	Cutibacterium acnes
SRR6145059	k99_4892	1747	Cutibacterium acnes
SRR6145059	k99_14406	9606	Homo sapiens
SRR6145059	k99_9817	1747	Cutibacterium acnes
SRR6145059	k99_4894	1270	Micrococcus luteus
SRR6145059	k99_9819	1747	Cutibacterium acnes
SRR6145059	k99_11033	9606	Homo sapiens
SRR6145059	k99_14411	1747	Cutibacterium acnes
SRR6145059	k99_15696	134537	Paraburkholderia fungorum
SRR6145059	k99_8498	134537	Paraburkholderia fungorum
SRR6145059	k99_14811	134537	Paraburkholderia fungorum
SRR6145059	k99_14813	1747	Cutibacterium acnes
SRR6145059	k99_14055	134537	Paraburkholderia fungorum
SRR6145059	k99_15698	1234380	Cutibacterium acnes C1
SRR6145059	k99_14814	1747	Cutibacterium acnes
SRR6145059	k99_14063	1747	Cutibacterium acnes
SRR6145059	k99_8169	134537	Paraburkholderia fungorum
SRR6145059	k99_15553	134537	Paraburkholderia fungorum
SRR6145059	k99_12346	134537	Paraburkholderia fungorum
SRR6145059	k99_5391	134537	Paraburkholderia fungorum
SRR6145059	k99_15133	1747	Cutibacterium acnes
SRR6145059	k99_4896	1747	Cutibacterium acnes
SRR6145059	k99_15555	1234380	Cutibacterium acnes C1
SRR6145059	k99_15067	134537	Paraburkholderia fungorum
SRR6145059	k99_15292	134537	Paraburkholderia fungorum
SRR6145059	k99_15070	1270	Micrococcus luteus
SRR6145059	k99_15559	1270	Micrococcus luteus
SRR6145059	k99_15296	1747	Cutibacterium acnes
SRR6145059	k99_15461	134537	Paraburkholderia fungorum
SRR6145059	k99_14889	134537	Paraburkholderia fungorum
SRR6145059	k99_14083	1747	Cutibacterium acnes
SRR6145059	k99_15302	1747	Cutibacterium acnes
SRR6145059	k99_14891	1747	Cutibacterium acnes
SRR6145059	k99_15464	1747	Cutibacterium acnes
SRR6145059	k99_4636	134537	Paraburkholderia fungorum
SRR6145059	k99_15760	134537	Paraburkholderia fungorum
SRR6145059	k99_15633	134537	Paraburkholderia fungorum
SRR6145059	k99_14742	134537	Paraburkholderia fungorum
SRR6145059	k99_15642	1234380	Cutibacterium acnes C1
SRR6145059	k99_14818	134537	Paraburkholderia fungorum
SRR6145059	k99_13657	134537	Paraburkholderia fungorum
SRR6145059	k99_11048	134537	Paraburkholderia fungorum
SRR6145059	k99_13663	1747	Cutibacterium acnes
SRR6145059	k99_6869	134537	Paraburkholderia fungorum
SRR6145059	k99_14903	134537	Paraburkholderia fungorum
SRR6145059	k99_13669	1747	Cutibacterium acnes
SRR6145059	k99_13674	321662	Pseudomonas moraviensis
SRR6145059	k99_11049	134537	Paraburkholderia fungorum
SRR6145059	k99_15703	134537	Paraburkholderia fungorum
SRR6145059	k99_15137	134537	Paraburkholderia fungorum
SRR6145059	k99_15138	1270	Micrococcus luteus
SRR6145059	k99_8175	134537	Paraburkholderia fungorum
SRR6145059	k99_15143	1747	Cutibacterium acnes
SRR6145059	k99_8180	1747	Cutibacterium acnes
SRR6145059	k99_15147	134537	Paraburkholderia fungorum
SRR6145059	k99_14820	134537	Paraburkholderia fungorum
SRR6145059	k99_15764	134537	Paraburkholderia fungorum
SRR6145059	k99_15765	10621	Human papillomavirus 9
SRR6145059	k99_15766	2	Bacteria
SRR6145059	k99_15705	134537	Paraburkholderia fungorum
SRR6145059	k99_15706	134537	Paraburkholderia fungorum
SRR6145059	k99_15707	134537	Paraburkholderia fungorum
SRR6145059	k99_15710	134537	Paraburkholderia fungorum
SRR6145059	k99_15713	134537	Paraburkholderia fungorum
SRR6145059	k99_15718	134537	Paraburkholderia fungorum
SRR6145059	k99_15719	134537	Paraburkholderia fungorum
SRR6145059	k99_15720	1270	Micrococcus luteus
